{
  "Ansi 6 Color" : {
    "Red Component" : 0.30588235294117649,
    "Color Space" : "sRGB",
    "Blue Component" : 0.82352941176470584,
    "Green Component" : 0.87058823529411766
  },
  "Tags" : [

  ],
  "Ansi 12 Color" : {
    "Red Component" : 0.43529411764705883,
    "Color Space" : "sRGB",
    "Blue Component" : 0.87058823529411766,
    "Green Component" : 0.69411764705882351
  },
  "Ansi 7 Color" : {
    "Red Component" : 0.30588235294117649,
    "Color Space" : "sRGB",
    "Blue Component" : 0.87058823529411766,
    "Green Component" : 0.60784313725490191
  },
  "Ansi 8 Color" : {
    "Red Component" : 0.8666666666666667,
    "Color Space" : "sRGB",
    "Blue Component" : 0.73333333333333328,
    "Green Component" : 0.66666666666666663
  },
  "Bold Color" : {
    "Red Component" : 0.8666666666666667,
    "Color Space" : "sRGB",
    "Blue Component" : 0.67843137254901964,
    "Green Component" : 0.58431372549019611
  },
  "Ansi 9 Color" : {
    "Red Component" : 0.8666666666666667,
    "Color Space" : "sRGB",
    "Blue Component" : 0.43137254901960786,
    "Green Component" : 0.43137254901960786
  },
  "Ansi 3 Color" : {
    "Red Component" : 0.87058823529411766,
    "Color Space" : "sRGB",
    "Blue Component" : 0.29411764705882354,
    "Green Component" : 0.51764705882352946
  },
  "Ansi 1 Color" : {
    "Red Component" : 0.8666666666666667,
    "Color Space" : "sRGB",
    "Blue Component" : 0.29803921568627451,
    "Green Component" : 0.29803921568627451
  },
  "Rows" : 25,
  "Default Bookmark" : "No",
  "Cursor Guide Color" : {
    "Red Component" : 0.70214027166366577,
    "Color Space" : "sRGB",
    "Blue Component" : 1,
    "Alpha Component" : 0.25,
    "Green Component" : 0.92681378126144409
  },
  "Non-ASCII Anti Aliased" : true,
  "Use Bright Bold" : true,
  "Ansi 10 Color" : {
    "Red Component" : 0.54509803921568623,
    "Color Space" : "sRGB",
    "Blue Component" : 0.43529411764705883,
    "Green Component" : 0.87058823529411766
  },
  "Icon" : 0,
  "Ambiguous Double Width" : false,
  "Jobs to Ignore" : [
    "rlogin",
    "ssh",
    "slogin",
    "telnet"
  ],
  "Ansi 15 Color" : {
    "Red Component" : 0.39215686274509803,
    "Color Space" : "sRGB",
    "Blue Component" : 0.87058823529411766,
    "Green Component" : 0.69411764705882351
  },
  "Foreground Color" : {
    "Red Component" : 0.8666666666666667,
    "Color Space" : "sRGB",
    "Blue Component" : 0.67843137254901964,
    "Green Component" : 0.58431372549019611
  },
  "Working Directory" : "\/Users\/matthews",
  "Blinking Cursor" : false,
  "Disable Window Resizing" : true,
  "Sync Title" : false,
  "Prompt Before Closing 2" : false,
  "BM Growl" : true,
  "Command" : "",
  "Description" : "Default",
  "Mouse Reporting" : true,
  "Screen" : -1,
  "Selection Color" : {
    "Red Component" : 0.78431372549019607,
    "Color Space" : "sRGB",
    "Blue Component" : 0.87058823529411766,
    "Green Component" : 0.43529411764705883
  },
  "Columns" : 80,
  "Idle Code" : 0,
  "Ansi 13 Color" : {
    "Red Component" : 0.14509803921568629,
    "Color Space" : "sRGB",
    "Blue Component" : 0.12156862745098039,
    "Green Component" : 0.10980392156862745
  },
  "Title Components" : 384,
  "Custom Command" : "No",
  "ASCII Anti Aliased" : true,
  "Non Ascii Font" : "Monaco 12",
  "Vertical Spacing" : 1,
  "Use Bold Font" : true,
  "Left Option Key Changeable" : true,
  "Selected Text Color" : {
    "Red Component" : 0.8666666666666667,
    "Color Space" : "sRGB",
    "Blue Component" : 0.67843137254901964,
    "Green Component" : 0.58431372549019611
  },
  "Option Key Sends" : 2,
  "Background Color" : {
    "Red Component" : 0.14509803921568629,
    "Color Space" : "sRGB",
    "Blue Component" : 0.12156862745098039,
    "Green Component" : 0.10980392156862745
  },
  "Ansi 11 Color" : {
    "Red Component" : 0.87058823529411766,
    "Color Space" : "sRGB",
    "Blue Component" : 0.43529411764705883,
    "Green Component" : 0.74117647058823533
  },
  "Character Encoding" : 4,
  "Use Italic Font" : true,
  "Unlimited Scrollback" : false,
  "Keyboard Map" : {
    "0xf70d-0x20000-0x0" : {
      "Text" : "[21;2~",
      "Action" : 10
    },
    "0xf707-0x20000-0x0" : {
      "Text" : "[1;2S",
      "Action" : 10
    },
    "0xf705-0x40000-0x0" : {
      "Text" : "[1;5Q",
      "Action" : 10
    },
    "0xf700-0x240000-0x0" : {
      "Text" : "[1;5A",
      "Action" : 10
    },
    "0xf701-0x260000-0x0" : {
      "Text" : "[1;6B",
      "Action" : 10
    },
    "0xf712-0x40000-0x0" : {
      "Text" : "[28;5~",
      "Action" : 10
    },
    "0xf729-0x40000-0x0" : {
      "Text" : "[1;5H",
      "Action" : 10
    },
    "0xf70a-0x40000-0x0" : {
      "Text" : "[18;5~",
      "Action" : 10
    },
    "0xf70f-0x40000-0x0" : {
      "Text" : "[24;5~",
      "Action" : 10
    },
    "0xf709-0x40000-0x0" : {
      "Text" : "[17;5~",
      "Action" : 10
    },
    "0x32-0x40000-0x0" : {
      "Text" : "0x00",
      "Action" : 11
    },
    "0xf70c-0x20000-0x0" : {
      "Text" : "[20;2~",
      "Action" : 10
    },
    "0xf704-0x40000-0x0" : {
      "Text" : "[1;5P",
      "Action" : 10
    },
    "0xf72b-0x20000-0x0" : {
      "Text" : "[1;2F",
      "Action" : 10
    },
    "0xf706-0x20000-0x0" : {
      "Text" : "[1;2R",
      "Action" : 10
    },
    "0xf711-0x40000-0x0" : {
      "Text" : "[26;5~",
      "Action" : 10
    },
    "0xf703-0x220000-0x0" : {
      "Text" : "[1;2C",
      "Action" : 10
    },
    "0xf700-0x220000-0x0" : {
      "Text" : "[1;2A",
      "Action" : 10
    },
    "0xf701-0x240000-0x0" : {
      "Text" : "[1;5B",
      "Action" : 10
    },
    "0x34-0x40000-0x0" : {
      "Text" : "0x1c",
      "Action" : 11
    },
    "0xf702-0x260000-0x0" : {
      "Text" : "[1;6D",
      "Action" : 10
    },
    "0xf710-0x40000-0x0" : {
      "Text" : "[25;5~",
      "Action" : 10
    },
    "0x2d-0x40000-0x0" : {
      "Text" : "0x1f",
      "Action" : 11
    },
    "0xf70e-0x40000-0x0" : {
      "Text" : "[23;5~",
      "Action" : 10
    },
    "0xf708-0x40000-0x0" : {
      "Text" : "[15;5~",
      "Action" : 10
    },
    "0xf70b-0x20000-0x0" : {
      "Text" : "[19;2~",
      "Action" : 10
    },
    "0xf705-0x20000-0x0" : {
      "Text" : "[1;2Q",
      "Action" : 10
    },
    "0x36-0x40000-0x0" : {
      "Text" : "0x1e",
      "Action" : 11
    },
    "0xf70d-0x40000-0x0" : {
      "Text" : "[21;5~",
      "Action" : 10
    },
    "0xf70f-0x20000-0x0" : {
      "Text" : "[24;2~",
      "Action" : 10
    },
    "0xf729-0x20000-0x0" : {
      "Text" : "[1;2H",
      "Action" : 10
    },
    "0x38-0x40000-0x0" : {
      "Text" : "0x7f",
      "Action" : 11
    },
    "0xf700-0x260000-0x0" : {
      "Text" : "[1;6A",
      "Action" : 10
    },
    "0xf701-0x220000-0x0" : {
      "Text" : "[1;2B",
      "Action" : 10
    },
    "0xf703-0x260000-0x0" : {
      "Text" : "[1;6C",
      "Action" : 10
    },
    "0xf707-0x40000-0x0" : {
      "Text" : "[1;5S",
      "Action" : 10
    },
    "0xf702-0x240000-0x0" : {
      "Text" : "[1;5D",
      "Action" : 10
    },
    "0xf709-0x20000-0x0" : {
      "Text" : "[17;2~",
      "Action" : 10
    },
    "0xf70a-0x20000-0x0" : {
      "Text" : "[18;2~",
      "Action" : 10
    },
    "0xf704-0x20000-0x0" : {
      "Text" : "[1;2P",
      "Action" : 10
    },
    "0x33-0x40000-0x0" : {
      "Text" : "0x1b",
      "Action" : 11
    },
    "0xf706-0x40000-0x0" : {
      "Text" : "[1;5R",
      "Action" : 10
    },
    "0xf708-0x20000-0x0" : {
      "Text" : "[15;2~",
      "Action" : 10
    },
    "0xf70c-0x40000-0x0" : {
      "Text" : "[20;5~",
      "Action" : 10
    },
    "0xf70e-0x20000-0x0" : {
      "Text" : "[23;2~",
      "Action" : 10
    },
    "0xf72b-0x40000-0x0" : {
      "Text" : "[1;5F",
      "Action" : 10
    },
    "0x35-0x40000-0x0" : {
      "Text" : "0x1d",
      "Action" : 11
    },
    "0xf702-0x220000-0x0" : {
      "Text" : "[1;2D",
      "Action" : 10
    },